{
  "module_block": {
    "module": "MMM-HologramShowcase",
    "position": "fullscreen_above",
    "config": {
      "sliderHeight": "260px",
      "autoScroll": true,
      "autoScrollDelay": 2500,
      "autoScrollSpeed": 0.6,
      "idleAutoPlay": false,
      "idleSecondsToPlay": 10,
      "showTitleOnHolo": true,
      "hologramColor": "0x3ad0ff",
      "thumbnailSize": 220,
      "items": [
        {
          "title": "Sci-Fi Hologram A",
          "image": "modules/MMM-HologramShowcase/public/images/person1.jpg",
          "audio": "modules/MMM-HologramShowcase/public/audio/person1.ogg",
          "model": "modules/MMM-HologramShowcase/public/models/person1.glb"
        },
        {
          "title": "Sci-Fi Hologram B",
          "image": "modules/MMM-HologramShowcase/public/images/person2.jpg",
          "audio": "modules/MMM-HologramShowcase/public/audio/person2.ogg",
          "model": "modules/MMM-HologramShowcase/public/models/person2.glb"
        },
        {
          "title": "Sci-Fi Hologram C",
          "image": "modules/MMM-HologramShowcase/public/images/person3.jpg",
          "audio": "modules/MMM-HologramShowcase/public/audio/person3.ogg",
          "model": "modules/MMM-HologramShowcase/public/models/person3.glb"
        }
      ]
    }
  }
}